<img src="https://movie-phinf.pstatic.net/20200116_23/1579154974413LvtIf_JPEG/movie_image.jpg?type=m99_141_2" alt="클로젯" onerror="this.src='https://ssl.pstatic.net/static/movie/2012/09/dft_img99x141.png'">,
<img src="https://movie-phinf.pstatic.net/20200103_41/1578032244761ejKMX_JPEG/movie_image.jpg?type=m99_141_2" alt="남산의 부장들" onerror="this.src='https://ssl.pstatic.net/static/movie/2012/09/dft_img99x141.png'">,
<img src="https://movie-phinf.pstatic.net/20200121_188/1579574685635qE9iF_JPEG/movie_image.jpg?type=m99_141_2" alt="버즈 오브 프레이(할리 퀸의 황홀한 해방)" onerror="this.src='https://ssl.pstatic.net/static/movie/2012/09/dft_img99x141.png'">,
<img src="https://movie-phinf.pstatic.net/20200122_181/15796574636309Fux2_JPEG/movie_image.jpg?type=m99_141_2" alt="히트맨" onerror="this.src='https://ssl.pstatic.net/static/movie/2012/09/dft_img99x141.png'">,
<img src="https://movie-phinf.pstatic.net/20200115_201/1579055961204pU2PH_JPEG/movie_image.jpg?type=m99_141_2" alt="극장판 미니특공대: 공룡왕 디노" onerror="this.src='https://ssl.pstatic.net/static/movie/2012/09/dft_img99x141.png'">,
<img src="https://movie-phinf.pstatic.net/20200121_285/1579591964650C0yMw_JPEG/movie_image.jpg?type=m99_141_2" alt="조조 래빗" onerror="this.src='https://ssl.pstatic.net/static/movie/2012/09/dft_img99x141.png'">,
<img src="https://movie-phinf.pstatic.net/20200114_147/1578963901287frmdl_JPEG/movie_image.jpg?type=m99_141_2" alt="인셉션" onerror="this.src='https://ssl.pstatic.net/static/movie/2012/09/dft_img99x141.png'">,
<img src="https://movie-phinf.pstatic.net/20200120_187/157948230962440pnt_JPEG/movie_image.jpg?type=m99_141_2" alt="스파이 지니어스" onerror="this.src='https://ssl.pstatic.net/static/movie/2012/09/dft_img99x141.png'">,
<img src="https://movie-phinf.pstatic.net/20191220_49/1576828214038i4ukE_JPEG/movie_image.jpg?type=m99_141_2" alt="타오르는 여인의 초상" onerror="this.src='https://ssl.pstatic.net/static/movie/2012/09/dft_img99x141.png'">,
<img src="https://movie-phinf.pstatic.net/20200204_176/1580793082037tcbt7_JPEG/movie_image.jpg?type=m99_141_2" alt="페인 앤 글로리" onerror="this.src='https://ssl.pstatic.net/static/movie/2012/09/dft_img99x141.png'">,
<img src="https://movie-phinf.pstatic.net/20200106_218/15782846353183YnK8_JPEG/movie_image.jpg?type=m99_141_2" alt="이 멋진 세계에 축복을! 붉은 전설" onerror="this.src='https://ssl.pstatic.net/static/movie/2012/09/dft_img99x141.png'">,
<img src="https://movie-phinf.pstatic.net/20200122_11/15796766202282GrU2_JPEG/movie_image.jpg?type=m99_141_2" alt="미스터 주: 사라진 VIP" onerror="this.src='https://ssl.pstatic.net/static/movie/2012/09/dft_img99x141.png'">,
<img src="https://movie-phinf.pstatic.net/20191224_60/1577155153773iLYXG_JPEG/movie_image.jpg?type=m99_141_2" alt="사마에게" onerror="this.src='https://ssl.pstatic.net/static/movie/2012/09/dft_img99x141.png'">,
<img src="https://movie-phinf.pstatic.net/20200115_223/1579061805057fDTGd_JPEG/movie_image.jpg?type=m99_141_2" alt="해치지않아" onerror="this.src='https://ssl.pstatic.net/static/movie/2012/09/dft_img99x141.png'">,
<img src="https://movie-phinf.pstatic.net/20200117_26/1579249737548VjD7N_JPEG/movie_image.jpg?type=m99_141_2" alt="하이큐!! 땅 VS 하늘" onerror="this.src='https://ssl.pstatic.net/static/movie/2012/09/dft_img99x141.png'">,
<img src="https://movie-phinf.pstatic.net/20200130_41/1580345965684etABg_JPEG/movie_image.jpg?type=m99_141_2" alt="핑크퐁 시네마 콘서트 : 우주대탐험" onerror="this.src='https://ssl.pstatic.net/static/movie/2012/09/dft_img99x141.png'">,
<img src="https://movie-phinf.pstatic.net/20191204_91/15754257752042kHvB_JPEG/movie_image.jpg?type=m99_141_2" alt="포드 V 페라리" onerror="this.src='https://ssl.pstatic.net/static/movie/2012/09/dft_img99x141.png'">,
<img src="https://movie-phinf.pstatic.net/20191121_221/1574298335357mqgLk_JPEG/movie_image.jpg?type=m99_141_2" alt="겨울왕국 2" onerror="this.src='https://ssl.pstatic.net/static/movie/2012/09/dft_img99x141.png'">,
<img src="https://movie-phinf.pstatic.net/20191119_163/1574125979767APJb7_JPEG/movie_image.jpg?type=m99_141_2" alt="나이브스 아웃" onerror="this.src='https://ssl.pstatic.net/static/movie/2012/09/dft_img99x141.png'">,
<img src="https://movie-phinf.pstatic.net/20191230_129/1577682525473H2GK5_JPEG/movie_image.jpg?type=m99_141_2" alt="카잔자키스" onerror="this.src='https://ssl.pstatic.net/static/movie/2012/09/dft_img99x141.png'">,
<img src="https://movie-phinf.pstatic.net/20191220_107/1576822068106AEJns_JPEG/movie_image.jpg?type=m99_141_2" alt="피아니스트의 전설" onerror="this.src='https://ssl.pstatic.net/static/movie/2012/09/dft_img99x141.png'">,
<img src="https://movie-phinf.pstatic.net/20200107_50/1578361868623t7Qp6_JPEG/movie_image.jpg?type=m99_141_2" alt="나쁜 녀석들 : 포에버" onerror="this.src='https://ssl.pstatic.net/static/movie/2012/09/dft_img99x141.png'">,
<img src="https://movie-phinf.pstatic.net/20200108_148/1578462346140MWVbW_JPEG/movie_image.jpg?type=m99_141_2" alt="스타워즈: 라이즈 오브 스카이워커" onerror="this.src='https://ssl.pstatic.net/static/movie/2012/09/dft_img99x141.png'">,
<img src="https://movie-phinf.pstatic.net/20200108_97/1578451609168Ki1qm_JPEG/movie_image.jpg?type=m99_141_2" alt="에릭 클랩튼: 기타의 신" onerror="this.src='https://ssl.pstatic.net/static/movie/2012/09/dft_img99x141.png'">,
<img src="https://movie-phinf.pstatic.net/20191016_196/1571192574061jEBrH_JPEG/movie_image.jpg?type=m99_141_2" alt="두 교황" onerror="this.src='https://ssl.pstatic.net/static/movie/2012/09/dft_img99x141.png'">,
<img src="https://movie-phinf.pstatic.net/20191202_163/1575249627261QLaXz_JPEG/movie_image.jpg?type=m99_141_2" alt="파바로티" onerror="this.src='https://ssl.pstatic.net/static/movie/2012/09/dft_img99x141.png'">,
<img src="https://movie-phinf.pstatic.net/20190528_36/1559024198386YVTEw_JPEG/movie_image.jpg?type=m99_141_2" alt="기생충" onerror="this.src='https://ssl.pstatic.net/static/movie/2012/09/dft_img99x141.png'">,
<img src="https://movie-phinf.pstatic.net/20191129_154/1574988869384waHXM_JPEG/movie_image.jpg?type=m99_141_2" alt="고흐, 영원의 문에서" onerror="this.src='https://ssl.pstatic.net/static/movie/2012/09/dft_img99x141.png'">,
<img src="https://movie-phinf.pstatic.net/20190916_49/1568614827948hyiXA_JPEG/movie_image.jpg?type=m99_141_2" alt="날씨의 아이" onerror="this.src='https://ssl.pstatic.net/static/movie/2012/09/dft_img99x141.png'">,
<img src="https://movie-phinf.pstatic.net/20200117_234/1579244142345CI1m5_JPEG/movie_image.jpg?type=m99_141_2" alt="성혜의 나라" onerror="this.src='https://ssl.pstatic.net/static/movie/2012/09/dft_img99x141.png'">,
<img src="https://movie-phinf.pstatic.net/20191024_143/1571893663418kwLN7_JPEG/movie_image.jpg?type=m99_141_2" alt="아이리시맨" onerror="this.src='https://ssl.pstatic.net/static/movie/2012/09/dft_img99x141.png'">,
<img src="https://movie-phinf.pstatic.net/20190805_121/1564969695835Iq9Qc_JPEG/movie_image.jpg?type=m99_141_2" alt="벌새" onerror="this.src='https://ssl.pstatic.net/static/movie/2012/09/dft_img99x141.png'">,
<img src="https://movie-phinf.pstatic.net/20191202_92/1575250821075i50ui_JPEG/movie_image.jpg?type=m99_141_2" alt="마리오 보타 : 영혼을 위한 건축" onerror="this.src='https://ssl.pstatic.net/static/movie/2012/09/dft_img99x141.png'">,
<img src="https://movie-phinf.pstatic.net/20191024_294/1571893505023w0PR4_JPEG/movie_image.jpg?type=m99_141_2" alt="결혼 이야기" onerror="this.src='https://ssl.pstatic.net/static/movie/2012/09/dft_img99x141.png'">,
<img src="https://movie-phinf.pstatic.net/20191112_297/1573520672012Y8oWj_JPEG/movie_image.jpg?type=m99_141_2" alt="미안해요 리키" onerror="this.src='https://ssl.pstatic.net/static/movie/2012/09/dft_img99x141.png'">,
<img src="https://movie-phinf.pstatic.net/20191219_263/15767415637757HPgg_JPEG/movie_image.jpg?type=m99_141_2" alt="백두산" onerror="this.src='https://ssl.pstatic.net/static/movie/2012/09/dft_img99x141.png'">,
<img src="https://movie-phinf.pstatic.net/20191203_28/1575335511001RqQIO_JPEG/movie_image.jpg?type=m99_141_2" alt="러브레터" onerror="this.src='https://ssl.pstatic.net/static/movie/2012/09/dft_img99x141.png'">,
<img src="https://movie-phinf.pstatic.net/20191203_217/1575347950420leqmB_JPEG/movie_image.jpg?type=m99_141_2" alt="윤희에게" onerror="this.src='https://ssl.pstatic.net/static/movie/2012/09/dft_img99x141.png'">,
<img src="https://movie-phinf.pstatic.net/20191227_58/1577425715965n3ulU_JPEG/movie_image.jpg?type=m99_141_2" alt="신의 은총으로" onerror="this.src='https://ssl.pstatic.net/static/movie/2012/09/dft_img99x141.png'">,
<img src="https://movie-phinf.pstatic.net/20191226_37/1577336014495vQYQm_JPEG/movie_image.jpg?type=m99_141_2" alt="작은 빛" onerror="this.src='https://ssl.pstatic.net/static/movie/2012/09/dft_img99x141.png'">,
<img src="https://movie-phinf.pstatic.net/20200130_82/1580371434525r44gc_JPEG/movie_image.jpg?type=m99_141_2" alt="미드웨이" onerror="this.src='https://ssl.pstatic.net/static/movie/2012/09/dft_img99x141.png'">,
<img src="https://movie-phinf.pstatic.net/20191218_8/15766472850097Gi4E_JPEG/movie_image.jpg?type=m99_141_2" alt="울지마 톤즈 2 : 슈크란 바바" onerror="this.src='https://ssl.pstatic.net/static/movie/2012/09/dft_img99x141.png'">,
<img src="https://movie-phinf.pstatic.net/20200128_51/1580192084371rrQEb_JPEG/movie_image.jpg?type=m99_141_2" alt="위 아 리틀 좀비" onerror="this.src='https://ssl.pstatic.net/static/movie/2012/09/dft_img99x141.png'">,
<img src="https://movie-phinf.pstatic.net/20191119_229/1574127037476hVbj8_JPEG/movie_image.jpg?type=m99_141_2" alt="이태원" onerror="this.src='https://ssl.pstatic.net/static/movie/2012/09/dft_img99x141.png'">,
<img src="https://movie-phinf.pstatic.net/20200117_245/1579242819933PKRT4_JPEG/movie_image.jpg?type=m99_141_2" alt="공기인형" onerror="this.src='https://ssl.pstatic.net/static/movie/2012/09/dft_img99x141.png'">,
<img src="https://movie-phinf.pstatic.net/20190903_89/1567472276429VUl4Y_JPEG/movie_image.jpg?type=m99_141_2" alt="메기" onerror="this.src='https://ssl.pstatic.net/static/movie/2012/09/dft_img99x141.png'">,
<img src="https://movie-phinf.pstatic.net/20191219_65/1576740674361x3FPY_JPEG/movie_image.jpg?type=m99_141_2" alt="신비아파트 극장판 하늘도깨비 대 요르문간드" onerror="this.src='https://ssl.pstatic.net/static/movie/2012/09/dft_img99x141.png'">,
<img src="https://movie-phinf.pstatic.net/20191028_187/1572247501973EHegB_JPEG/movie_image.jpg?type=m99_141_2" alt="프란치스코 교황: 맨 오브 히스 워드" onerror="this.src='https://ssl.pstatic.net/static/movie/2012/09/dft_img99x141.png'">,
<img src="https://movie-phinf.pstatic.net/20191231_207/1577754153157vUcFn_JPEG/movie_image.jpg?type=m99_141_2" alt="천문: 하늘에 묻는다" onerror="this.src='https://ssl.pstatic.net/static/movie/2012/09/dft_img99x141.png'">,
<img src="https://movie-phinf.pstatic.net/20191018_257/1571374588609LO8ck_JPEG/movie_image.jpg?type=m99_141_2" alt="경계선" onerror="this.src='https://ssl.pstatic.net/static/movie/2012/09/dft_img99x141.png'">,
<img src="https://movie-phinf.pstatic.net/20191126_8/15747573690259i6Bx_JPEG/movie_image.jpg?type=m99_141_2" alt="기억할 만한 지나침" onerror="this.src='https://ssl.pstatic.net/static/movie/2012/09/dft_img99x141.png'">,
<img src="https://movie-phinf.pstatic.net/20191213_285/1576202593395PFG87_JPEG/movie_image.jpg?type=m99_141_2" alt="몽마르트 파파" onerror="this.src='https://ssl.pstatic.net/static/movie/2012/09/dft_img99x141.png'">,
<img src="https://movie-phinf.pstatic.net/20200117_213/1579246893626IKoQE_JPEG/movie_image.jpg?type=m99_141_2" alt="목격자 : 눈이 없는 아이" onerror="this.src='https://ssl.pstatic.net/static/movie/2012/09/dft_img99x141.png'">,
<img src="https://movie-phinf.pstatic.net/20121128_8/1354091092606Bwq6B_JPEG/movie_image.jpg?type=m99_141_2" alt="고양이를 빌려드립니다" onerror="this.src='https://ssl.pstatic.net/static/movie/2012/09/dft_img99x141.png'">,
<img src="https://movie-phinf.pstatic.net/20151211_51/1449813161705F8UfH_JPEG/movie_image.jpg?type=m99_141_2" alt="그녀에게" onerror="this.src='https://ssl.pstatic.net/static/movie/2012/09/dft_img99x141.png'">,
<img src="https://movie-phinf.pstatic.net/20190115_228/1547528180168jgEP7_JPEG/movie_image.jpg?type=m99_141_2" alt="그린 북" onerror="this.src='https://ssl.pstatic.net/static/movie/2012/09/dft_img99x141.png'">,
<img src="https://movie-phinf.pstatic.net/20151023_124/1445567669389AUnbs_JPEG/movie_image.jpg?type=m99_141_2" alt="늙은 자전거" onerror="this.src='https://ssl.pstatic.net/static/movie/2012/09/dft_img99x141.png'">,
<img src="https://movie-phinf.pstatic.net/20191101_140/15725985713955YYvh_JPEG/movie_image.jpg?type=m99_141_2" alt="대통령의 7시간" onerror="this.src='https://ssl.pstatic.net/static/movie/2012/09/dft_img99x141.png'">,
<img src="https://movie-phinf.pstatic.net/20130917_299/13794016568639P15X_JPEG/movie_image.jpg?type=m99_141_2" alt="라붐" onerror="this.src='https://ssl.pstatic.net/static/movie/2012/09/dft_img99x141.png'">,
<img src="https://movie-phinf.pstatic.net/20190129_68/1548749435815O6OQS_JPEG/movie_image.jpg?type=m99_141_2" alt="러브 라이브! 선샤인!! 더 스쿨 아이돌 무비 오버 더 레인보우" onerror="this.src='https://ssl.pstatic.net/static/movie/2012/09/dft_img99x141.png'">,
<img src="https://movie-phinf.pstatic.net/20130925_76/1380075036312pKG0B_JPEG/movie_image.jpg?type=m99_141_2" alt="말하는 건축 시티:홀" onerror="this.src='https://ssl.pstatic.net/static/movie/2012/09/dft_img99x141.png'">,
<img src="https://movie-phinf.pstatic.net/20151127_209/1448606145091knrYP_JPEG/movie_image.jpg?type=m99_141_2" alt="맥베스" onerror="this.src='https://ssl.pstatic.net/static/movie/2012/09/dft_img99x141.png'">,
<img src="https://movie-phinf.pstatic.net/20180525_277/15272258828538Svfz_JPEG/movie_image.jpg?type=m99_141_2" alt="바르다가 사랑한 얼굴들" onerror="this.src='https://ssl.pstatic.net/static/movie/2012/09/dft_img99x141.png'">,
<img src="https://movie-phinf.pstatic.net/20111221_3/1324461923701fCmgv_JPEG/movie_image.jpg?type=m99_141_2" alt="반 고호" onerror="this.src='https://ssl.pstatic.net/static/movie/2012/09/dft_img99x141.png'">,
<img src="https://movie-phinf.pstatic.net/20191226_175/1577338886314rAju2_JPEG/movie_image.jpg?type=m99_141_2" alt="벌룬" onerror="this.src='https://ssl.pstatic.net/static/movie/2012/09/dft_img99x141.png'">,
<img src="https://movie-phinf.pstatic.net/20190510_230/1557478223725HS0Wo_JPEG/movie_image.jpg?type=m99_141_2" alt="소은이의 무릎" onerror="this.src='https://ssl.pstatic.net/static/movie/2012/09/dft_img99x141.png'">,
<img src="https://movie-phinf.pstatic.net/20190426_71/1556254332881AWqUn_JPEG/movie_image.jpg?type=m99_141_2" alt="어글리 돌" onerror="this.src='https://ssl.pstatic.net/static/movie/2012/09/dft_img99x141.png'">,
<img src="https://movie-phinf.pstatic.net/20180702_47/1530497117620iDJX8_JPEG/movie_image.jpg?type=m99_141_2" alt="어느 가족" onerror="this.src='https://ssl.pstatic.net/static/movie/2012/09/dft_img99x141.png'">,
<img src="https://movie-phinf.pstatic.net/20190527_18/1558920856951d9R3z_JPEG/movie_image.jpg?type=m99_141_2" alt="에움길" onerror="this.src='https://ssl.pstatic.net/static/movie/2012/09/dft_img99x141.png'">,
<img src="https://movie-phinf.pstatic.net/20111223_113/13246433615827xHDY_JPEG/movie_image.jpg?type=m99_141_2" alt="영광의 탈출" onerror="this.src='https://ssl.pstatic.net/static/movie/2012/09/dft_img99x141.png'">,
<img src="https://movie-phinf.pstatic.net/20191112_56/1573537001785R6V2N_JPEG/movie_image.jpg?type=m99_141_2" alt="우리를 갈라놓는 것들" onerror="this.src='https://ssl.pstatic.net/static/movie/2012/09/dft_img99x141.png'">,
<img src="https://movie-phinf.pstatic.net/20190828_87/1566967926424cHKoJ_JPEG/movie_image.jpg?type=m99_141_2" alt="우키시마호" onerror="this.src='https://ssl.pstatic.net/static/movie/2012/09/dft_img99x141.png'">,
<img src="https://movie-phinf.pstatic.net/20111223_289/1324622149942dtKyL_JPEG/movie_image.jpg?type=m99_141_2" alt="울지마 톤즈" onerror="this.src='https://ssl.pstatic.net/static/movie/2012/09/dft_img99x141.png'">,
<img src="https://movie-phinf.pstatic.net/20181220_182/1545273315052upI3V_JPEG/movie_image.jpg?type=m99_141_2" alt="일일시호일" onerror="this.src='https://ssl.pstatic.net/static/movie/2012/09/dft_img99x141.png'">,
<img src="https://movie-phinf.pstatic.net/20200117_155/1579251870613UHFPs_JPEG/movie_image.jpg?type=m99_141_2" alt="잃어버린 세계를 찾아서" onerror="this.src='https://ssl.pstatic.net/static/movie/2012/09/dft_img99x141.png'">,
<img src="https://movie-phinf.pstatic.net/20150615_239/1434335309466PtwaK_JPEG/movie_image.jpg?type=m99_141_2" alt="종이 달" onerror="this.src='https://ssl.pstatic.net/static/movie/2012/09/dft_img99x141.png'">,
<img src="https://movie-phinf.pstatic.net/20150615_239/1434335309466PtwaK_JPEG/movie_image.jpg?type=m99_141_2" alt="종이 달" onerror="this.src='https://ssl.pstatic.net/static/movie/2012/09/dft_img99x141.png'">,
<img src="https://movie-phinf.pstatic.net/20181024_132/1540362532973OdDEA_JPEG/movie_image.jpg?type=m99_141_2" alt="페르세폴리스" onerror="this.src='https://ssl.pstatic.net/static/movie/2012/09/dft_img99x141.png'">,
<img src="https://movie-phinf.pstatic.net/20111222_16/13244893444852pmaD_JPEG/movie_image.jpg?type=m99_141_2" alt="페이튼 플레이스" onerror="this.src='https://ssl.pstatic.net/static/movie/2012/09/dft_img99x141.png'">,
<img src="https://movie-phinf.pstatic.net/20170118_51/1484706629500KiUn8_JPEG/movie_image.jpg?type=m99_141_2" alt="핵소 고지" onerror="this.src='https://ssl.pstatic.net/static/movie/2012/09/dft_img99x141.png'">,
<img src="https://movie-phinf.pstatic.net/20191203_174/1575350832730B8BJf_JPEG/movie_image.jpg?type=m99_141_2" alt="호흡" onerror="this.src='https://ssl.pstatic.net/static/movie/2012/09/dft_img99x141.png'">,
<img src="https://movie-phinf.pstatic.net/20161103_256/1478160313724rHuDS_JPEG/movie_image.jpg?type=m99_141_2" alt="미스 사이공: 25주년 특별 공연" onerror="this.src='https://ssl.pstatic.net/static/movie/2012/09/dft_img99x141.png'">,























